"elapsed_ms","working_set_bytes","peak_working_set_bytes","private_bytes"
"19","2703360","2703360","495616"
"60","10592256","10592256","2379776"
"91","10592256","10592256","2379776"
"121","10592256","10592256","2379776"
"153","10592256","10592256","2379776"
"184","10592256","10592256","2379776"
"214","10592256","10592256","2379776"
"243","10592256","10592256","2379776"
"261","10592256","10592256","2379776"
"292","10592256","10592256","2379776"
"306","10592256","10592256","2379776"
"321","10592256","10592256","2379776"
"335","10592256","10592256","2379776"
"351","10592256","10592256","2379776"
"366","10592256","10592256","2379776"
"381","10592256","10592256","2379776"
"396","10592256","10592256","2379776"
"412","10592256","10592256","2379776"
"428","10592256","10592256","2379776"
"444","10592256","10592256","2379776"
"459","10592256","10592256","2379776"
"474","10592256","10592256","2379776"
"488","10592256","10592256","2379776"
"504","10592256","10592256","2379776"
"522","10592256","10592256","2379776"
"535","10592256","10592256","2379776"
"550","10592256","10592256","2379776"
"566","10592256","10592256","2379776"
"583","10592256","10592256","2379776"
"599","10592256","10592256","2379776"
"615","10592256","10592256","2379776"
"634","10592256","10592256","2379776"
"661","10592256","10592256","2379776"
"675","10592256","10592256","2379776"
"690","10592256","10592256","2379776"
"705","10592256","10592256","2379776"
"723","10592256","10592256","2379776"
"737","10592256","10592256","2379776"
"751","10592256","10592256","2379776"
"767","10592256","10592256","2379776"
"782","10592256","10592256","2379776"
"797","10592256","10592256","2379776"
"815","10592256","10592256","2379776"
"830","10592256","10592256","2379776"
"845","10592256","10592256","2379776"
"860","10592256","10592256","2379776"
"875","10592256","10592256","2379776"
"891","10592256","10592256","2379776"
"906","10592256","10592256","2379776"
"921","10592256","10592256","2379776"
"936","10592256","10592256","2379776"
"951","10592256","10592256","2379776"
"970","10592256","10592256","2379776"
"985","10592256","10592256","2379776"
"1001","10592256","10592256","2379776"
"1015","10592256","10592256","2379776"
"1031","10592256","10592256","2379776"
"1047","10592256","10592256","2379776"
"1063","10592256","10592256","2379776"
"1078","10592256","10592256","2379776"
"1094","10592256","10592256","2379776"
"1110","10592256","10592256","2379776"
"1123","10592256","10592256","2379776"
"1138","10592256","10592256","2379776"
"1154","10592256","10592256","2379776"
"1170","10592256","10592256","2379776"
"1185","10592256","10592256","2379776"
"1217","10592256","10592256","2379776"
"1247","10592256","10592256","2379776"
"1278","10592256","10592256","2379776"
"1310","10592256","10592256","2379776"
"1341","10592256","10592256","2379776"
"1370","10592256","10592256","2379776"
"1387","10592256","10592256","2379776"
"1419","10592256","10592256","2379776"
"1450","10592256","10592256","2379776"
"1481","10592256","10592256","2379776"
"1512","10592256","10592256","2379776"
"1543","10592256","10592256","2379776"
"1574","10592256","10592256","2379776"
"1604","10592256","10592256","2379776"
"1619","10592256","10592256","2379776"
"1635","10592256","10592256","2379776"
"1650","10592256","10592256","2379776"
"1665","10592256","10592256","2379776"
"1680","10592256","10592256","2379776"
"1695","10592256","10592256","2379776"
"1710","10592256","10592256","2379776"
"1728","10592256","10592256","2379776"
"1741","10592256","10592256","2379776"
"1756","10592256","10592256","2379776"
"1771","10592256","10592256","2379776"
"1786","10592256","10592256","2379776"
"1802","10592256","10592256","2379776"
"1818","10592256","10592256","2379776"
"1834","10592256","10592256","2379776"
"1849","10592256","10592256","2379776"
"1864","10592256","10592256","2379776"
"1880","10592256","10592256","2379776"
"1895","10592256","10592256","2379776"
"1911","10592256","10592256","2379776"
"1926","10592256","10592256","2379776"
"1941","10592256","10592256","2379776"
"1956","10592256","10592256","2379776"
"1972","10592256","10592256","2379776"
"1989","10592256","10592256","2379776"
"2004","10592256","10592256","2379776"
"2019","10592256","10592256","2379776"
"2034","10592256","10592256","2379776"
"2050","10592256","10592256","2379776"
"2065","10592256","10592256","2379776"
"2081","10592256","10592256","2379776"
"2097","10592256","10592256","2379776"
"2112","10592256","10592256","2379776"
"2127","10592256","10592256","2379776"
"2142","10592256","10592256","2379776"
"2157","10592256","10592256","2379776"
"2172","10592256","10592256","2379776"
"2190","10592256","10592256","2379776"
"2206","10592256","10592256","2379776"
"2219","10592256","10592256","2379776"
"2234","10592256","10592256","2379776"
"2252","10592256","10592256","2379776"
"2265","10592256","10592256","2379776"
"2280","10592256","10592256","2379776"
"2295","10592256","10592256","2379776"
"2310","10592256","10592256","2379776"
"2328","10592256","10592256","2379776"
"2341","10592256","10592256","2379776"
"2359","10592256","10592256","2379776"
"2372","10592256","10592256","2379776"
"2405","10592256","10592256","2379776"
"2436","10592256","10592256","2379776"
"2467","10592256","10592256","2379776"
"2498","10592256","10592256","2379776"
"2529","10592256","10592256","2379776"
"2560","10592256","10592256","2379776"
"2589","10592256","10592256","2379776"
"2622","10592256","10592256","2379776"
"2653","10592256","10592256","2379776"
"2684","10592256","10592256","2379776"
"2714","10592256","10592256","2379776"
"2731","10592256","10592256","2379776"
"2761","10592256","10592256","2379776"
"2790","10592256","10592256","2379776"
"2807","10592256","10592256","2379776"
"2822","10592256","10592256","2379776"
"2836","10592256","10592256","2379776"
"2854","10592256","10592256","2379776"
"2869","10592256","10592256","2379776"
"2885","10592256","10592256","2379776"
"2900","10592256","10592256","2379776"
"2917","10592256","10592256","2379776"
"2929","10592256","10592256","2379776"
"2946","10592256","10592256","2379776"
"2962","10592256","10592256","2379776"
"2978","10592256","10592256","2379776"
"2990","10592256","10592256","2379776"
"3008","10592256","10592256","2379776"
"3022","10592256","10592256","2379776"
"3037","10592256","10592256","2379776"
"3056","30543872","30543872","22351872"
"3070","16318464","30543872","22351872"
"3086","30547968","30547968","22355968"
"3101","10620928","30547968","2392064"
"3115","10620928","30547968","2392064"
"3129","10620928","30547968","2392064"
"3144","10620928","30547968","2392064"
"3162","10620928","30547968","2392064"
"3178","10620928","30547968","2392064"
"3193","10620928","30547968","2392064"
"3206","10620928","30547968","2392064"
"3224","10620928","30547968","2392064"
"3237","10620928","30547968","2392064"
"3252","10620928","30547968","2392064"
"3268","10620928","30547968","2392064"
"3283","10620928","30547968","2392064"
"3299","10620928","30547968","2392064"
"3314","10620928","30547968","2392064"
"3329","10620928","30547968","2392064"
"3345","10620928","30547968","2392064"
"3360","10620928","30547968","2392064"
"3375","10620928","30547968","2392064"
"3393","10620928","30547968","2392064"
"3409","10620928","30547968","2392064"
"3421","10620928","30547968","2392064"
"3436","10620928","30547968","2392064"
"3452","10620928","30547968","2392064"
"3468","10620928","30547968","2392064"
"3485","10620928","30547968","2392064"
"3501","10620928","30547968","2392064"
"3517","10620928","30547968","2392064"
"3532","10620928","30547968","2392064"
"3548","10620928","30547968","2392064"
"3561","10620928","30547968","2392064"
"3579","10620928","30547968","2392064"
"3592","10620928","30547968","2392064"
"3607","10620928","30547968","2392064"
"3625","10620928","30547968","2392064"
"3638","10620928","30547968","2392064"
"3656","10620928","30547968","2392064"
"3687","10620928","30547968","2392064"
"3718","10620928","30547968","2392064"
"3747","10620928","30547968","2392064"
"3780","10620928","30547968","2392064"
"3810","10620928","30547968","2392064"
"3841","10620928","30547968","2392064"
"3872","10620928","30547968","2392064"
"3903","10620928","30547968","2392064"
"3932","10620928","30547968","2392064"
"3950","10620928","30547968","2392064"
"3981","10620928","30547968","2392064"
"4012","10620928","30547968","2392064"
"4042","10620928","30547968","2392064"
"4055","10620928","30547968","2392064"
"4071","10620928","30547968","2392064"
"4086","10620928","30547968","2392064"
"4103","10620928","30547968","2392064"
"4119","10620928","30547968","2392064"
"4135","10620928","30547968","2392064"
"4150","10620928","30547968","2392064"
"4166","10620928","30547968","2392064"
"4182","10620928","30547968","2392064"
"4197","10620928","30547968","2392064"
"4210","10620928","30547968","2392064"
"4228","10620928","30547968","2392064"
"4244","10620928","30547968","2392064"
"4257","10620928","30547968","2392064"
"4273","10620928","30547968","2392064"
"4289","10620928","30547968","2392064"
"4304","10620928","30547968","2392064"
"4320","10620928","30547968","2392064"
"4334","10620928","30547968","2392064"
"4352","10620928","30547968","2392064"
"4368","10620928","30547968","2392064"
"4383","10620928","30547968","2392064"
"4399","10620928","30547968","2392064"
"4415","10620928","30547968","2392064"
"4430","10620928","30547968","2392064"
"4446","10620928","30547968","2392064"
"4459","10620928","30547968","2392064"
"4477","10620928","30547968","2392064"
"4490","10620928","30547968","2392064"
"4508","10620928","30547968","2392064"
"4524","10620928","30547968","2392064"
"4539","10620928","30547968","2392064"
"4555","10620928","30547968","2392064"
"4568","10620928","30547968","2392064"
"4586","10620928","30547968","2392064"
"4602","10620928","30547968","2392064"
"4615","10620928","30547968","2392064"
"4632","10620928","30547968","2392064"
"4648","10620928","30547968","2392064"
"4664","10620928","30547968","2392064"
"4677","10620928","30547968","2392064"
"4695","10620928","30547968","2392064"
"4708","10620928","30547968","2392064"
"4726","10620928","30547968","2392064"
"4741","10620928","30547968","2392064"
"4756","10620928","30547968","2392064"
"4770","10620928","30547968","2392064"
"4785","10620928","30547968","2392064"
"4803","10620928","30547968","2392064"
"4818","10620928","30547968","2392064"
"4834","10620928","30547968","2392064"
"4850","10620928","30547968","2392064"
"4865","10620928","30547968","2392064"
"4878","10620928","30547968","2392064"
"4894","10620928","30547968","2392064"
"4909","10620928","30547968","2392064"
"4924","10620928","30547968","2392064"
"4942","10620928","30547968","2392064"
"4955","10620928","30547968","2392064"
"4970","10620928","30547968","2392064"
"4986","10620928","30547968","2392064"
"5002","10620928","30547968","2392064"
"5020","10620928","30547968","2392064"
"5036","10620928","30547968","2392064"
"5048","10620928","30547968","2392064"
"5066","10620928","30547968","2392064"
"5082","10620928","30547968","2392064"
"5095","10620928","30547968","2392064"
"5110","10620928","30547968","2392064"
"5128","10620928","30547968","2392064"
"5143","10620928","30547968","2392064"
"5159","10620928","30547968","2392064"
"5172","10620928","30547968","2392064"
"5190","10620928","30547968","2392064"
"5205","10620928","30547968","2392064"
"5221","10620928","30547968","2392064"
"5236","10620928","30547968","2392064"
"5252","10620928","30547968","2392064"
"5268","10620928","30547968","2392064"
"5283","10620928","30547968","2392064"
"5299","10620928","30547968","2392064"
"5312","10620928","30547968","2392064"
"5328","10620928","30547968","2392064"
"5343","10620928","30547968","2392064"
"5360","10620928","30547968","2392064"
"5374","10620928","30547968","2392064"
"5391","10620928","30547968","2392064"
"5407","10620928","30547968","2392064"
"5422","10620928","30547968","2392064"
"5438","10620928","30547968","2392064"
"5454","10620928","30547968","2392064"
"5469","10620928","30547968","2392064"
"5482","10620928","30547968","2392064"
"5497","10620928","30547968","2392064"
"5516","10620928","30547968","2392064"
"5528","10620928","30547968","2392064"
"5546","10620928","30547968","2392064"
"5562","10620928","30547968","2392064"
"5575","10620928","30547968","2392064"
"5608","10620928","30547968","2392064"
"5638","10620928","30547968","2392064"
"5670","10620928","30547968","2392064"
"5701","10620928","30547968","2392064"
"5730","10620928","30547968","2392064"
"5761","10620928","30547968","2392064"
"5792","10620928","30547968","2392064"
"5807","10620928","30547968","2392064"
"5822","10620928","30547968","2392064"
"5840","10620928","30547968","2392064"
"5871","10620928","30547968","2392064"
"5902","10620928","30547968","2392064"
"5918","10620928","30547968","2392064"
"5946","10620928","30547968","2392064"
"5963","10620928","30547968","2392064"
"5979","10620928","30547968","2392064"
"5994","10620928","30547968","2392064"
"6010","10620928","30547968","2392064"
"6023","10620928","30547968","2392064"
"6041","10620928","30547968","2392064"
"6053","10620928","30547968","2392064"
"6071","10620928","30547968","2392064"
"6087","10620928","30547968","2392064"
"6103","10371072","30547968","1970176"
